node,Group,node_type,hit1,hit2,PP.H0.abf,PP.H1.abf,PP.H2.abf,PP.H3.abf,PP.H4.abf,GENE,SNP,Description,qtl_type,mean_degree,mean_betweenness
M_HDL_C_pct,Relative lipoprotein lipid concentrations,GIM Biomarkers,rs151328572,rs11600668,3.38777573839225e-06,0.00469332210954778,1.30742508757847e-05,0.0171345162833104,0.978155699580527,ZNF408,rs3136512,Cholesterol to Total Lipids in Medium HDL percentage,eqtl,2,0
M_HDL_C_pct,Relative lipoprotein lipid concentrations,GIM Biomarkers,rs151328572,rs11600668,3.38777573839225e-06,0.00469332210954778,1.30742508757847e-05,0.0171345162833104,0.978155699580527,ZNF408,rs2306029,Cholesterol to Total Lipids in Medium HDL percentage,eqtl,2,0
M_HDL_C_pct,Relative lipoprotein lipid concentrations,GIM Biomarkers,rs151328572,rs11600668,3.38777573839225e-06,0.00469332210954778,1.30742508757847e-05,0.0171345162833104,0.978155699580527,ZNF408,rs7123635,Cholesterol to Total Lipids in Medium HDL percentage,eqtl,2,0
L_VLDL_C_pct,Relative lipoprotein lipid concentrations,GIM Biomarkers,rs8176737,rs517414,3.25833868127777e-32,6.25698793662237e-08,2.5201508796277e-26,0.0474419005960395,0.952558036834084,ABO,rs630014,Cholesterol to Total Lipids in Large VLDL percentage,eqtl,3,0
L_VLDL_C_pct,Relative lipoprotein lipid concentrations,GIM Biomarkers,rs8176691,rs8176691,4.61625982979215e-14,0.0228114023493873,1.97866830475892e-15,5.77540756990479e-07,0.977188020109806,ABO,rs630014,Cholesterol to Total Lipids in Large VLDL percentage,sqtl,3,0
XS_VLDL_C,Lipoprotein subclasses,GIM Biomarkers,rs838136,rs4021,5.88497355788536e-22,5.09698713923357e-20,4.98921813773525e-05,0.00332454605144991,0.996625561767171,RASIP1,rs4021,Cholesterol in Very Small VLDL,eqtl,8,10
XS_VLDL_C,Lipoprotein subclasses,GIM Biomarkers,rs838134,rs838140,1.13323501116198e-12,0.000979650165303081,1.25245823827921e-11,0.0098379709307073,0.989182378890331,FUT1,rs4021,Cholesterol in Very Small VLDL,eqtl,8,10
XS_VLDL_C,Lipoprotein subclasses,GIM Biomarkers,rs281377,rs281377,4.75836345253189e-16,8.34766376342044e-10,5.80352289255644e-10,1.81383029560578e-05,0.999981860281928,FUT2,rs4021,Cholesterol in Very Small VLDL,eqtl,8,10
XS_VLDL_C,Lipoprotein subclasses,GIM Biomarkers,rs838134,rs4021,7.79692690207416e-16,1.81011332900885e-14,0.000277912260231229,0.00545767097852508,0.994264416761224,IZUMO1,rs4021,Cholesterol in Very Small VLDL,eqtl,8,10
IDL_L,Lipoprotein subclasses,GIM Biomarkers,rs10953301,rs62482250,0.000163897887556742,0.0221904603447509,0.000547577020151944,0.0732336753465634,0.903864389400976,GIGYF1,rs10953301,Total Lipids in IDL,eqtl,5,12.4
M_VLDL_TG_pct,Relative lipoprotein lipid concentrations,GIM Biomarkers,rs34372721,rs3617,1.1574611842546e-05,0.00967398683622077,2.88892134371121e-05,0.0231783133017045,0.967107236036794,NEK4,rs4282054,Triglycerides to Total Lipids in Medium VLDL percentage,eqtl,6,24.3333333333333
M_VLDL_TG_pct,Relative lipoprotein lipid concentrations,GIM Biomarkers,rs28712221,rs4841472,2.61999645341273e-16,0.0311349809707886,7.95715182860514e-17,0.00849558881899236,0.960369430210222,NEIL2,rs1835492,Triglycerides to Total Lipids in Medium VLDL percentage,sqtl,6,24.3333333333333
M_VLDL_TG_pct,Relative lipoprotein lipid concentrations,GIM Biomarkers,rs11250084,rs11250084,0.0187834100955911,0.0427856275402614,0.000806446453403396,0.000900232766235009,0.936724283144509,CTSB,rs7000594,Triglycerides to Total Lipids in Medium VLDL percentage,sqtl,6,24.3333333333333
XS_VLDL_TG_pct,Relative lipoprotein lipid concentrations,GIM Biomarkers,rs13246993,rs13235543,5.18301536930701e-74,2.02231131174737e-08,1.97721187467438e-68,0.0067214157885578,0.993278563988316,MLXIPL,rs42122,Triglycerides to Total Lipids in Very Small VLDL percentage,eqtl,7,28.4
XS_VLDL_TG_pct,Relative lipoprotein lipid concentrations,GIM Biomarkers,rs13246993,rs13235543,5.18301536930701e-74,2.02231131174737e-08,1.97721187467438e-68,0.0067214157885578,0.993278563988316,MLXIPL,rs1178977,Triglycerides to Total Lipids in Very Small VLDL percentage,eqtl,7,28.4
XS_VLDL_TG_pct,Relative lipoprotein lipid concentrations,GIM Biomarkers,rs13246993,rs13235543,5.18301536930701e-74,2.02231131174737e-08,1.97721187467438e-68,0.0067214157885578,0.993278563988316,MLXIPL,rs71071936,Triglycerides to Total Lipids in Very Small VLDL percentage,eqtl,7,28.4
XS_VLDL_TG_pct,Relative lipoprotein lipid concentrations,GIM Biomarkers,rs13246993,rs13235543,5.18301536930701e-74,2.02231131174737e-08,1.97721187467438e-68,0.0067214157885578,0.993278563988316,MLXIPL,rs3812316,Triglycerides to Total Lipids in Very Small VLDL percentage,eqtl,7,28.4
XS_VLDL_TG_pct,Relative lipoprotein lipid concentrations,GIM Biomarkers,rs13246993,rs13235543,5.18301536930701e-74,2.02231131174737e-08,1.97721187467438e-68,0.0067214157885578,0.993278563988316,MLXIPL,rs34121855,Triglycerides to Total Lipids in Very Small VLDL percentage,eqtl,7,28.4
XS_VLDL_TG_pct,Relative lipoprotein lipid concentrations,GIM Biomarkers,rs13246993,rs13235543,5.18301536930701e-74,2.02231131174737e-08,1.97721187467438e-68,0.0067214157885578,0.993278563988316,MLXIPL,rs6460047,Triglycerides to Total Lipids in Very Small VLDL percentage,eqtl,7,28.4
XS_VLDL_TG_pct,Relative lipoprotein lipid concentrations,GIM Biomarkers,rs13246993,rs13235543,5.18301536930701e-74,2.02231131174737e-08,1.97721187467438e-68,0.0067214157885578,0.993278563988316,MLXIPL,rs35855035,Triglycerides to Total Lipids in Very Small VLDL percentage,eqtl,7,28.4
XS_VLDL_TG_pct,Relative lipoprotein lipid concentrations,GIM Biomarkers,rs13246993,rs13235543,5.18301536930701e-74,2.02231131174737e-08,1.97721187467438e-68,0.0067214157885578,0.993278563988316,MLXIPL,rs62466323,Triglycerides to Total Lipids in Very Small VLDL percentage,eqtl,7,28.4
XS_VLDL_TG_pct,Relative lipoprotein lipid concentrations,GIM Biomarkers,rs13246993,rs13235543,5.18301536930701e-74,2.02231131174737e-08,1.97721187467438e-68,0.0067214157885578,0.993278563988316,MLXIPL,rs6975732,Triglycerides to Total Lipids in Very Small VLDL percentage,eqtl,7,28.4
XS_VLDL_TG_pct,Relative lipoprotein lipid concentrations,GIM Biomarkers,rs55865839,rs10101195,4.85050908484662e-17,0.000131762964128069,3.87632292772347e-15,0.00953961349057386,0.990328623545295,NEIL2,rs17810889,Triglycerides to Total Lipids in Very Small VLDL percentage,eqtl,7,28.4
XS_VLDL_TG_pct,Relative lipoprotein lipid concentrations,GIM Biomarkers,rs55865839,rs10101195,4.85050908484662e-17,0.000131762964128069,3.87632292772347e-15,0.00953961349057386,0.990328623545295,NEIL2,rs55865839,Triglycerides to Total Lipids in Very Small VLDL percentage,eqtl,7,28.4
IDL_PL,Lipoprotein subclasses,GIM Biomarkers,rs7264396,rs11698935,2.11616018585538e-09,0.0014663457573567,1.00984109018635e-08,0.00600493872897222,0.992528703299099,CEP250,rs6060529,Phospholipids in IDL,sqtl,6,31.2
IDL_PL,Lipoprotein subclasses,GIM Biomarkers,rs7264396,rs11698935,2.11616018585538e-09,0.0014663457573567,1.00984109018635e-08,0.00600493872897222,0.992528703299099,CEP250,rs2425170,Phospholipids in IDL,sqtl,6,31.2
S_LDL_PL,Lipoprotein subclasses,GIM Biomarkers,rs12740374,rs552693039,1.5277152634012e-244,0.00614928887957423,8.38590417724826e-245,0.00238398867409936,0.991466722446335,PSRC1,rs4970834,Phospholipids in Small LDL,eqtl,7,0
S_LDL_PL,Lipoprotein subclasses,GIM Biomarkers,rs12740374,rs552693039,1.5277152634012e-244,0.00614928887957423,8.38590417724826e-245,0.00238398867409936,0.991466722446335,PSRC1,rs12740374,Phospholipids in Small LDL,eqtl,7,0
S_LDL_PL,Lipoprotein subclasses,GIM Biomarkers,rs140244541,rs185726277,8.8693568037828e-10,6.85150516063169e-05,2.54210756407858e-06,0.195571360291553,0.804357581662342,CARF,rs10207567,Phospholipids in Small LDL,eqtl,7,0
S_LDL_PL,Lipoprotein subclasses,GIM Biomarkers,rs140244541,rs185726277,8.86932511185872e-10,6.8514816213268e-05,2.54214460921658e-06,0.195574251901974,0.804354690250272,CARF,rs72936847,Phospholipids in Small LDL,eqtl,7,0
S_LDL_PL,Lipoprotein subclasses,GIM Biomarkers,rs140244541,rs185726277,8.86938164768202e-10,6.85152174424427e-05,2.54207926489635e-06,0.195569097188668,0.804359844627687,CARF,rs2351524,Phospholipids in Small LDL,eqtl,7,0
S_LDL_PL,Lipoprotein subclasses,GIM Biomarkers,rs140244541,rs185726277,8.86938164768202e-10,6.85152174424427e-05,2.54207926489635e-06,0.195569097188668,0.804359844627687,CARF,rs72934573,Phospholipids in Small LDL,eqtl,7,0
S_LDL_PL,Lipoprotein subclasses,GIM Biomarkers,rs55831924,rs62530285,2.45549392965663e-11,0.00158226869170575,1.94429271255907e-09,0.124412131314725,0.87400559802472,PARP10,rs6984820,Phospholipids in Small LDL,eqtl,7,0
XL_HDL_FC,Lipoprotein subclasses,GIM Biomarkers,rs1601715,rs6017653,8.82997668002853e-71,1.20942593484239e-11,4.38913916840256e-62,0.00501674127268111,0.994983258715232,WFDC10B,rs6017583,Free Cholesterol in Very Large HDL,eqtl,8,37.5333333333333
XL_HDL_FC,Lipoprotein subclasses,GIM Biomarkers,rs1601715,rs6017653,8.82997668002853e-71,1.20942593484239e-11,4.38913916840256e-62,0.00501674127268111,0.994983258715232,WFDC10B,rs6094159,Free Cholesterol in Very Large HDL,eqtl,8,37.5333333333333
XL_HDL_FC,Lipoprotein subclasses,GIM Biomarkers,rs1601715,rs6017653,8.82997668002853e-71,1.20942593484239e-11,4.38913916840256e-62,0.00501674127268111,0.994983258715232,WFDC10B,rs2206449,Free Cholesterol in Very Large HDL,eqtl,8,37.5333333333333
XL_HDL_FC,Lipoprotein subclasses,GIM Biomarkers,rs1601715,rs6017653,8.82997668002853e-71,1.20942593484239e-11,4.38913916840256e-62,0.00501674127268111,0.994983258715232,WFDC10B,rs11086973,Free Cholesterol in Very Large HDL,eqtl,8,37.5333333333333
XL_HDL_FC,Lipoprotein subclasses,GIM Biomarkers,rs1601715,rs6017653,8.82997668002853e-71,1.20942593484239e-11,4.38913916840256e-62,0.00501674127268111,0.994983258715232,WFDC10B,rs980984,Free Cholesterol in Very Large HDL,eqtl,8,37.5333333333333
XL_HDL_FC,Lipoprotein subclasses,GIM Biomarkers,rs1601715,rs6017653,8.82997668002853e-71,1.20942593484239e-11,4.38913916840256e-62,0.00501674127268111,0.994983258715232,WFDC10B,rs1586437,Free Cholesterol in Very Large HDL,eqtl,8,37.5333333333333
XL_HDL_FC,Lipoprotein subclasses,GIM Biomarkers,rs1601715,rs6017653,8.82997668002853e-71,1.20942593484239e-11,4.38913916840256e-62,0.00501674127268111,0.994983258715232,WFDC10B,rs590391,Free Cholesterol in Very Large HDL,eqtl,8,37.5333333333333
XL_HDL_FC,Lipoprotein subclasses,GIM Biomarkers,rs1601715,rs6017653,8.82997668002853e-71,1.20942593484239e-11,4.38913916840256e-62,0.00501674127268111,0.994983258715232,WFDC10B,rs3848711,Free Cholesterol in Very Large HDL,eqtl,8,37.5333333333333
XL_HDL_FC,Lipoprotein subclasses,GIM Biomarkers,rs1601715,rs6017653,8.82997668002853e-71,1.20942593484239e-11,4.38913916840256e-62,0.00501674127268111,0.994983258715232,WFDC10B,rs379059,Free Cholesterol in Very Large HDL,eqtl,8,37.5333333333333
XL_HDL_FC,Lipoprotein subclasses,GIM Biomarkers,rs1601715,rs6017653,8.82997668002853e-71,1.20942593484239e-11,4.38913916840256e-62,0.00501674127268111,0.994983258715232,WFDC10B,rs4812972,Free Cholesterol in Very Large HDL,eqtl,8,37.5333333333333
XL_HDL_FC,Lipoprotein subclasses,GIM Biomarkers,rs13040315,rs13040315,0.000271407786502599,0.00539179414485609,0.000148061276999338,0.00194914959213157,0.992239587199511,PLTP,rs13040315,Free Cholesterol in Very Large HDL,eqtl,8,37.5333333333333
XL_HDL_FC,Lipoprotein subclasses,GIM Biomarkers,rs1601715,rs6017653,8.82997668002853e-71,1.20942593484239e-11,4.38913916840256e-62,0.00501674127268111,0.994983258715232,WFDC10B,rs13040315,Free Cholesterol in Very Large HDL,eqtl,8,37.5333333333333
XL_HDL_FC,Lipoprotein subclasses,GIM Biomarkers,rs13040315,rs13040315,0.000271407786502599,0.00539179414485609,0.000148061276999338,0.00194914959213157,0.992239587199511,PLTP,rs8113877,Free Cholesterol in Very Large HDL,eqtl,8,37.5333333333333
XL_HDL_FC,Lipoprotein subclasses,GIM Biomarkers,rs113743632,rs113743632,0.000374793614781643,0.0104107821158847,3.57140779965949e-05,2.86743073240604e-06,0.989175842760604,SNX21,rs4812972,Free Cholesterol in Very Large HDL,sqtl,8,37.5333333333333
XL_HDL_FC,Lipoprotein subclasses,GIM Biomarkers,rs11569317,rs11569317,2.72331600711253e-57,7.14753126522999e-09,3.86724731109229e-52,1.50008191695548e-05,0.999984992033304,CD40,rs6074021,Free Cholesterol in Very Large HDL,sqtl,8,37.5333333333333
XL_HDL_FC,Lipoprotein subclasses,GIM Biomarkers,rs11569317,rs11569317,2.72331600711253e-57,7.14753126522999e-09,3.86724731109229e-52,1.50008191695548e-05,0.999984992033304,CD40,rs6074032,Free Cholesterol in Very Large HDL,sqtl,8,37.5333333333333
HDL_CE,Cholesteryl esters,GIM Biomarkers,rs1685404,rs11600668,0.00276115251915016,0.0324807253290668,0.0106559594050362,0.124521441416046,0.829580721330701,ZNF408,rs7111517,Cholesteryl Esters in HDL,eqtl,6,0
HDL_CE,Cholesteryl esters,GIM Biomarkers,rs151328572,rs11600668,0.00032277091661374,0.00514068523161347,0.00124565150266343,0.0188647289583271,0.974426163390782,ZNF408,rs7111517,Cholesteryl Esters in HDL,eqtl,6,0
HDL_CE,Cholesteryl esters,GIM Biomarkers,rs11039167,rs7120957,8.05466907477812e-30,0.000497802624610334,4.49428389445651e-28,0.0268033189521544,0.972698878423241,ACP2,rs11039167,Cholesteryl Esters in HDL,eqtl,6,0
HDL_CE,Cholesteryl esters,GIM Biomarkers,rs11039167,rs7120957,8.05466907477812e-30,0.000497802624610334,4.49428389445651e-28,0.0268033189521544,0.972698878423241,ACP2,rs2305280,Cholesteryl Esters in HDL,eqtl,6,0
HDL_CE,Cholesteryl esters,GIM Biomarkers,rs35184771,rs12798028,3.50749807379896e-19,0.0249323373699992,1.45531844507622e-18,0.102575862810746,0.872491799819254,C1QTNF4,rs12798109,Cholesteryl Esters in HDL,eqtl,6,0
Remnant_C,Cholesterol,GIM Biomarkers,rs10953301,rs62482250,0.000350488913629829,0.0217590845453457,0.00117097100995442,0.0717914004589223,0.904928055072147,GIGYF1,rs11772667,"Remnant Cholesterol (Non-HDL, Non-LDL -Cholesterol)",eqtl,4,0
L_LDL_FC,Lipoprotein subclasses,GIM Biomarkers,rs8176741,rs8176741,3.41874867778503e-28,1.50087284392275e-08,2.31408097476003e-23,1.59260359352377e-05,0.999984058955335,ABO,rs8176635,Free Cholesterol in Large LDL,eqtl,4,5
L_LDL_FC,Lipoprotein subclasses,GIM Biomarkers,rs8176741,rs8176741,3.41874867778503e-28,1.50087284392275e-08,2.31408097476003e-23,1.59260359352377e-05,0.999984058955335,ABO,rs10901256,Free Cholesterol in Large LDL,eqtl,4,5
L_LDL_FC,Lipoprotein subclasses,GIM Biomarkers,rs8176691,rs8176691,6.55331204419037e-07,0.0228113867699583,2.80894735373209e-08,5.77540816896777e-07,0.977187352268547,ABO,rs8176635,Free Cholesterol in Large LDL,sqtl,4,5
L_LDL_FC,Lipoprotein subclasses,GIM Biomarkers,rs8176691,rs8176691,6.55331204419037e-07,0.0228113867699583,2.80894735373209e-08,5.77540816896777e-07,0.977187352268547,ABO,rs10901256,Free Cholesterol in Large LDL,sqtl,4,5
L_VLDL_CE_pct,Relative lipoprotein lipid concentrations,GIM Biomarkers,rs16941724,rs12580246,1.02177108364749e-08,0.000743006671581309,2.8436217666721e-07,0.0196985563384663,0.979558142410064,MAPKAPK5,rs2239194,Cholesteryl Esters to Total Lipids in Large VLDL percentage,eqtl,3,6
S_LDL_FC,Lipoprotein subclasses,GIM Biomarkers,rs78689694,rs3967200,7.18057427207024e-13,3.74261763274972e-06,1.11619371207369e-09,0.00482258701406917,0.995173669251386,ST3GAL4,rs6590199,Free Cholesterol in Small LDL,eqtl,5,2
S_LDL_FC,Lipoprotein subclasses,GIM Biomarkers,rs78689694,rs3967200,7.18057427207024e-13,3.74261763274972e-06,1.11619371207369e-09,0.00482258701406917,0.995173669251386,ST3GAL4,rs60648773,Free Cholesterol in Small LDL,eqtl,5,2
S_LDL_FC,Lipoprotein subclasses,GIM Biomarkers,rs78689694,rs3967200,7.18057427207024e-13,3.74261763274972e-06,1.11619371207369e-09,0.00482258701406917,0.995173669251386,ST3GAL4,rs11220465,Free Cholesterol in Small LDL,eqtl,5,2
S_LDL_FC,Lipoprotein subclasses,GIM Biomarkers,rs35836101,rs3178166,1.33592560449533e-63,0.000238982942279713,2.79744797698056e-61,0.0490927133159848,0.950668303741727,GEMIN7,rs3178166,Free Cholesterol in Small LDL,eqtl,5,2
S_LDL_FC,Lipoprotein subclasses,GIM Biomarkers,rs12981729,rs3178166,1.189978022808e-54,0.00040715439323339,2.49183158205361e-52,0.0843434828478406,0.915249362758924,GEMIN7,rs3178166,Free Cholesterol in Small LDL,eqtl,5,2
S_LDL_FC,Lipoprotein subclasses,GIM Biomarkers,rs11672002,rs3178166,1.69749250612479e-295,0.000150447725877576,3.55457441733243e-293,0.0305346614519705,0.969314890822192,GEMIN7,rs3178166,Free Cholesterol in Small LDL,eqtl,5,2
S_LDL_FC,Lipoprotein subclasses,GIM Biomarkers,rs35836101,rs3178166,1.33592560449533e-63,0.000238982942279713,2.79744797698056e-61,0.0490927133159848,0.950668303741727,GEMIN7,rs35836101,Free Cholesterol in Small LDL,eqtl,5,2
S_LDL_FC,Lipoprotein subclasses,GIM Biomarkers,rs12981729,rs3178166,1.189978022808e-54,0.00040715439323339,2.49183158205361e-52,0.0843434828478406,0.915249362758924,GEMIN7,rs35836101,Free Cholesterol in Small LDL,eqtl,5,2
S_LDL_FC,Lipoprotein subclasses,GIM Biomarkers,rs11672002,rs3178166,1.69749250612479e-295,0.000150447725877576,3.55457441733243e-293,0.0305346614519705,0.969314890822192,GEMIN7,rs35836101,Free Cholesterol in Small LDL,eqtl,5,2
L_LDL_CE,Lipoprotein subclasses,GIM Biomarkers,rs79260133,rs117993240,4.01445222331757e-09,4.18255678887742e-05,1.00405376546325e-05,0.103713601621834,0.896234528258168,ADCY4,rs8008406,Cholesteryl Esters in Large LDL,eqtl,3,4.66666666666667
L_LDL_CE,Lipoprotein subclasses,GIM Biomarkers,rs79260133,rs117993240,4.01445222331757e-09,4.18255678887742e-05,1.00405376546325e-05,0.103713601621834,0.896234528258168,ADCY4,rs79260133,Cholesteryl Esters in Large LDL,eqtl,3,4.66666666666667
S_VLDL_FC_pct,Relative lipoprotein lipid concentrations,GIM Biomarkers,rs113536727,rs111698730,0.00774305467995453,0.011477527629223,0.00161627513307374,0.00141805906138523,0.977745083496364,GATA4,rs7835672,Free Cholesterol to Total Lipids in Small VLDL percentage,eqtl,3,0
S_HDL_TG_pct,Relative lipoprotein lipid concentrations,GIM Biomarkers,rs72793228,rs12654983,2.56258906488038e-06,0.0105809203177924,1.39238161979207e-06,0.00476448767502696,0.984650637036497,SLC22A5,rs867150,Triglycerides to Total Lipids in Small HDL percentage,eqtl,5,6.5
S_HDL_TG_pct,Relative lipoprotein lipid concentrations,GIM Biomarkers,rs253942,rs867150,1.8734890742098e-05,0.140655032103662,9.55073924260578e-07,0.00631735433404733,0.853007923597625,SLC22A5,rs1029472,Triglycerides to Total Lipids in Small HDL percentage,eqtl,5,6.5
ZNF408,Gene,Gene,,,,,,,,,,,,5,0
ACP2,Gene,Gene,,,,,,,,,,,,3,1
C1QTNF4,Gene,Gene,,,,,,,,,,,,3,0
GIGYF1,Gene,Gene,,,,,,,,,,,,4,2.4
ADCY4,Gene,Gene,,,,,,,,,,,,3,1.66666666666667
ABO,Gene,Gene,,,,,,,,,,,,4,0
SLC22A5,Gene,Gene,,,,,,,,,,,,4,0
ST3GAL4,Gene,Gene,,,,,,,,,,,,5,0
GEMIN7,Gene,Gene,,,,,,,,,,,,3,0
PSRC1,Gene,Gene,,,,,,,,,,,,3,0
CARF,Gene,Gene,,,,,,,,,,,,3,0
PARP10,Gene,Gene,,,,,,,,,,,,1,0
WFDC10B,Gene,Gene,,,,,,,,,,,,1,0
PLTP,Gene,Gene,,,,,,,,,,,,5,0
RASIP1,Gene,Gene,,,,,,,,,,,,1,0
FUT1,Gene,Gene,,,,,,,,,,,,7,1
FUT2,Gene,Gene,,,,,,,,,,,,5,1
IZUMO1,Gene,Gene,,,,,,,,,,,,3,0
MAPKAPK5,Gene,Gene,,,,,,,,,,,,1,0
GATA4,Gene,Gene,,,,,,,,,,,,1,0
NEK4,Gene,Gene,,,,,,,,,,,,3,5.5
MLXIPL,Gene,Gene,,,,,,,,,,,,5,9.4
NEIL2,Gene,Gene,,,,,,,,,,,,2,0
CEP250,Gene,Gene,,,,,,,,,,,,1,0
SNX21,Gene,Gene,,,,,,,,,,,,1,0
CD40,Gene,Gene,,,,,,,,,,,,1,0
CTSB,Gene,Gene,,,,,,,,,,,,5,0
