time,hazard,n_censor,n_event,group
168,1.315658357007e-05,0,1,Q1
191,2.63133402381086e-05,0,1,Q1
220,3.94702700086706e-05,0,1,Q1
235,5.26273728863113e-05,0,1,Q1
237,6.57846488755857e-05,0,1,Q1
248,7.89420979810493e-05,0,1,Q1
268,7.89420979810493e-05,144.549469729398,0,Q1
321,9.2124792734429e-05,0,1,Q1
401,0.000105307661273541,0,1,Q1
405,0.000118490703603077,0,1,Q1
417,0.000131673919727399,0,1,Q1
429,0.000144857309651311,0,1,Q1
458,0.000158040873379172,0,1,Q1
517,0.000171224610915789,0,1,Q1
660,0.000184408522265522,0,1,Q1
673,0.000197592607433064,0,1,Q1
679,0.000210776866423111,0,1,Q1
682,0.000223961299240024,0,1,Q1
693,0.000237145905888498,0,1,Q1
777,0.000250330686373116,0,1,Q1
880,0.000263515640698573,0,1,Q1
935,0.000276700768869233,0,1,Q1
949,0.000289886070889789,0,1,Q1
1035,0.000303071546764938,0,1,Q1
1100,0.000316257196499042,0,1,Q1
1178,0.000329443020096798,0,1,Q1
1234,0.000342629017562902,0,1,Q1
1252,0.000355815188901827,0,1,Q1
1257,0.00036900153411816,0,1,Q1
1264,0.000382188053216486,0,1,Q1
1276,0.000395374746201279,0,1,Q1
1315,0.000408561613077349,0,1,Q1
1337,0.00042174865384917,0,1,Q1
1349,0.000434935868521217,0,1,Q1
1402,0.000448123257098299,0,1,Q1
1407,0.000448123257098299,154.255605799636,0,Q1
1437,0.00046133770113949,0,1,Q1
1450,0.00047455231980452,0,1,Q1
1512,0.000487767113098004,0,1,Q1
1532,0.000500982081024668,0,1,Q1
1548,0.000514197223588907,0,1,Q1
1568,0.000527412540795446,0,1,Q1
1595,0.000540628032648902,0,1,Q1
1617,0.000553843699154003,0,1,Q1
1661,0.000567059540315142,0,1,Q1
1683,0.000580275556137046,0,1,Q1
1714,0.000593491746624333,0,1,Q1
1728,0.000606708111781731,0,1,Q1
1747,0.000619924651613635,0,1,Q1
1748,0.000633141366124772,0,1,Q1
1754,0.00064635825531976,0,1,Q1
1767,0.000659575319203217,0,1,Q1
1776,0.000672792557779761,0,1,Q1
1834,0.000686009971054009,0,1,Q1
1835,0.00069922755903058,0,1,Q1
1869,0.000712445321714203,0,1,Q1
1899,0.000725663259109386,0,1,Q1
1949,0.000738881371220636,0,1,Q1
1963,0.000752099658052795,0,1,Q1
2022,0.000765318119610259,0,1,Q1
2096,0.00077853675589787,0,1,Q1
2143,0.000791755566920135,0,1,Q1
2154,0.000791755566920135,157.997056622602,0,Q1
2182,0.000805002219120602,0,1,Q1
2206,0.000818249046797298,0,1,Q1
2219,0.000831496049954762,0,1,Q1
2250,0.000844743228597533,0,1,Q1
2262,0.00085799058273037,0,1,Q1
2263,0.000871238112357924,0,1,Q1
2340,0.000884485817484955,0,1,Q1
2345,0.000897733698116002,0,1,Q1
2374,0.000910981754255605,0,1,Q1
2376,0.000924229985908635,0,1,Q1
2379,0.000937478393079632,0,1,Q1
2382,0.000950726975773136,0,1,Q1
2414,0.000963975733994021,0,1,Q1
2428,0.000977224667746825,0,1,Q1
2442,0.000990473777036201,0,1,Q1
2478,0.00100372306186669,0,1,Q1
2505,0.00101697252224316,0,1,Q1
2572,0.00103022215817016,0,1,Q1
2592,0.00104347196965223,0,1,Q1
2600,0.00105672195669423,0,1,Q1
2601,0.00106997211930072,0,1,Q1
2613,0.00108322245747635,0,1,Q1
2679,0.00109647297122565,0,1,Q1
2712,0.0011097236605534,0,1,Q1
2770,0.00112297452546423,0,1,Q1
2777,0.00113622556596282,0,1,Q1
2781,0.00114947678205392,0,1,Q1
2813,0.00116272817374207,0,1,Q1
2848,0.00117597974103182,0,1,Q1
2864,0.00120248340243529,0,2,Q1
2899,0.0012157354965582,0,1,Q1
2913,0.00122898776630144,0,1,Q1
2920,0.0012554928326674,0,2,Q1
2927,0.00126874562929944,0,1,Q1
2949,0.00128199860157053,0,1,Q1
2950,0.00129525174948511,0,1,Q1
2967,0.00130850507304795,0,1,Q1
2993,0.00130850507304795,157.178169637158,0,Q1
2994,0.00132178623906751,0,1,Q1
3010,0.00134834910028646,0,2,Q1
3052,0.00136163079549522,0,1,Q1
3053,0.00137491266710975,0,1,Q1
3096,0.00138819471513474,0,1,Q1
3114,0.00140147693957487,0,1,Q1
3151,0.00141475934043483,0,1,Q1
3152,0.00144132467143298,0,2,Q1
3186,0.00145460760158054,0,1,Q1
3191,0.00146789070816669,0,1,Q1
3195,0.0014811739911961,0,1,Q1
3216,0.00149445745067346,0,1,Q1
3230,0.00150774108660346,0,1,Q1
3284,0.00152102489899078,0,1,Q1
3290,0.00153430888784024,0,1,Q1
3321,0.00154759305315628,0,1,Q1
3336,0.00156087739494372,0,1,Q1
3368,0.00157416191320724,0,1,Q1
3370,0.00158744660795165,0,1,Q1
3385,0.00160073147918139,0,1,Q1
3387,0.00161401652690129,0,1,Q1
3403,0.00162730175111603,0,1,Q1
3418,0.00164058715183029,0,1,Q1
3430,0.00165387272904877,0,1,Q1
3438,0.00166715848277616,0,1,Q1
3445,0.00168044441301714,0,1,Q1
3465,0.00169373051977641,0,1,Q1
3487,0.00170701680305866,0,1,Q1
3503,0.00172030326286858,0,1,Q1
3526,0.00173358989921086,0,1,Q1
3578,0.00174687671209019,0,1,Q1
3596,0.00174687671209019,138.751672817323,0,Q1
3601,0.00176018824254242,0,1,Q1
3602,0.00177349995019385,0,1,Q1
3631,0.0017868118350492,0,1,Q1
3669,0.00180012389711319,0,1,Q1
3719,0.00181343613639053,0,1,Q1
3734,0.00182674855288595,0,1,Q1
3744,0.00184006114660416,0,1,Q1
3751,0.00185337391754988,0,1,Q1
3787,0.00186668686572783,0,1,Q1
3794,0.00187999999114273,0,1,Q1
3837,0.00187999999114273,126.043598459429,0,Q1
3856,0.00189333567182592,0,1,Q1
3858,0.00190667153035187,0,1,Q1
3870,0.00192000756672531,0,1,Q1
3890,0.0019333437809511,0,1,Q1
3912,0.00194668017303376,0,1,Q1
3917,0.00196001674297815,0,1,Q1
3920,0.001973353490789,0,1,Q1
3922,0.00198669041647119,0,1,Q1
3925,0.00200002752002922,0,1,Q1
3930,0.00200002752002922,120.585201814737,0,Q1
4023,0.0020133862860878,0,1,Q1
4054,0.00202674523060551,0,1,Q1
4120,0.00204010435358701,0,1,Q1
4182,0.00205346365503694,0,1,Q1
4190,0.00206682313496031,0,1,Q1
4195,0.00208018279336176,0,1,Q1
4205,0.00209354263024607,0,1,Q1
4220,0.00209354263024607,103.238412786653,0,Q1
4252,0.00210692109809433,0,1,Q1
4285,0.00212029974492827,0,1,Q1
4323,0.00212029974492827,74745.4748674857,0,Q1
6,1.6233410059005e-05,0,1,Q2
87,3.246708364589e-05,0,1,Q2
101,4.87010207693224e-05,0,1,Q2
121,6.49352214376367e-05,0,1,Q2
140,8.11696856595009e-05,0,1,Q2
179,9.74044134434725e-05,0,1,Q2
356,0.000113639404798109,0,1,Q2
376,0.00012987465973197,0,1,Q2
385,0.000146110178253612,0,1,Q2
400,0.000162345960371596,0,1,Q2
421,0.000178582006094591,0,1,Q2
464,0.000194818315430937,0,1,Q2
491,0.000211054888389414,0,1,Q2
505,0.000227291724978363,0,1,Q2
575,0.000243528825206454,0,1,Q2
581,0.000259766189082361,0,1,Q2
667,0.000259766189082361,148.542568246928,0,Q2
676,0.000276043076122452,0,1,Q2
710,0.000292320228103907,0,1,Q2
725,0.000308597645035461,0,1,Q2
737,0.00032487532692552,0,1,Q2
747,0.000341153273782931,0,1,Q2
769,0.000357431485616097,0,1,Q2
797,0.00038998870424454,0,2,Q2
809,0.00040626771105707,0,1,Q2
826,0.000422546982880089,0,1,Q2
840,0.000438826519722002,0,1,Q2
853,0.00045510632159166,0,1,Q2
896,0.000471386388497471,0,1,Q2
910,0.000487666720448287,0,1,Q2
945,0.000503947317452626,0,1,Q2
946,0.000520228179519008,0,1,Q2
985,0.000536509306656175,0,1,Q2
1001,0.000552790698872759,0,1,Q2
1020,0.000569072356177392,0,1,Q2
1021,0.000585354278578705,0,1,Q2
1029,0.000601636466085332,0,1,Q2
1064,0.000617918918706016,0,1,Q2
1086,0.000634201636449281,0,1,Q2
1088,0.00065048461932376,0,1,Q2
1119,0.000666767867337977,0,1,Q2
1136,0.000683051380500676,0,1,Q2
1144,0.000699335158820606,0,1,Q2
1168,0.000715619202306178,0,1,Q2
1175,0.000731903510966142,0,1,Q2
1176,0.000748188084809243,0,1,Q2
1180,0.000764472923844007,0,1,Q2
1192,0.000780758028078962,0,1,Q2
1193,0.000797043397522967,0,1,Q2
1199,0.000813329032184438,0,1,Q2
1201,0.000829614932072124,0,1,Q2
1215,0.000845901097194666,0,1,Q2
1218,0.000862187527560701,0,1,Q2
1225,0.000894761184057815,0,2,Q2
1234,0.000911048410206174,0,1,Q2
1243,0.0009273359016327,0,1,Q2
1246,0.000943623658345813,0,1,Q2
1252,0.000959911680354266,0,1,Q2
1290,0.000959911680354266,153.389372167256,0,Q2
1294,0.000976240765071156,0,1,Q2
1309,0.000992570116431407,0,1,Q2
1319,0.00100889973444362,0,1,Q2
1321,0.00102522961911672,0,1,Q2
1322,0.00104155977045931,0,1,Q2
1329,0.00105789018847998,0,1,Q2
1339,0.00107422087318768,0,1,Q2
1360,0.00109055182459099,0,1,Q2
1372,0.00110688304269852,0,1,Q2
1374,0.0011232145275192,0,1,Q2
1376,0.00113954627906152,0,1,Q2
1392,0.00115587829733442,0,1,Q2
1393,0.0011722105823465,0,1,Q2
1411,0.00118854313410636,0,1,Q2
1440,0.00118854313410636,154.500718077664,0,Q2
1460,0.00120491727164866,0,1,Q2
1462,0.00122129167730773,0,1,Q2
1491,0.00123766635109235,0,1,Q2
1498,0.0012540412930113,0,1,Q2
1505,0.00127041650307337,0,1,Q2
1518,0.00128679198128733,0,1,Q2
1519,0.00128679198128733,155.082564235456,0,Q2
1536,0.00130320942127333,0,1,Q2
1553,0.0013196271307961,0,1,Q2
1554,0.00133604510986447,0,1,Q2
1559,0.0013524633584873,0,1,Q2
1577,0.00136888187667345,0,1,Q2
1607,0.00138530066443176,0,1,Q2
1621,0.00140171972177109,0,1,Q2
1623,0.0014181390487003,0,1,Q2
1642,0.00143455864522833,0,1,Q2
1652,0.00146739864711577,0,2,Q2
1664,0.00148381905249298,0,1,Q2
1668,0.00150023972750434,0,1,Q2
1669,0.00151666067215881,0,1,Q2
1695,0.00153308188646501,0,1,Q2
1709,0.00154950337043204,0,1,Q2
1716,0.00156592512406851,0,1,Q2
1747,0.00158234714738352,0,1,Q2
1771,0.0015987694403857,0,1,Q2
1787,0.00161519200308412,0,1,Q2
1830,0.00163161483548743,0,1,Q2
1842,0.00164803793760459,0,1,Q2
1871,0.00166446130944447,0,1,Q2
1878,0.00168088495101591,0,1,Q2
1880,0.00169730886232779,0,1,Q2
1890,0.00171373304338897,0,1,Q2
1896,0.0017301574942084,0,1,Q2
1900,0.00174658221479475,0,1,Q2
1901,0.00176300720515697,0,1,Q2
1904,0.00177943246530392,0,1,Q2
1915,0.00179585799524449,0,1,Q2
1918,0.00181228379498762,0,1,Q2
1935,0.00182870986454198,0,1,Q2
1955,0.00184513620391653,0,1,Q2
1997,0.00186156281312014,0,1,Q2
2019,0.00187798969216178,0,1,Q2
2022,0.00189441684105009,0,1,Q2
2058,0.00191084425979406,0,1,Q2
2074,0.00194369990688443,0,2,Q2
2080,0.00196012813524856,0,1,Q2
2095,0.00197655663350392,0,1,Q2
2107,0.00199298540165927,0,1,Q2
2126,0.00200941443972348,0,1,Q2
2146,0.00202584374770531,0,1,Q2
2158,0.00204227332561373,0,1,Q2
2176,0.00205870317345772,0,1,Q2
2177,0.00209156367898737,0,2,Q2
2181,0.00210799433669098,0,1,Q2
2191,0.00212442526436543,0,1,Q2
2192,0.0021408564620197,0,1,Q2
2202,0.00215728792966267,0,1,Q2
2227,0.00217371966730319,0,1,Q2
2232,0.00219015167495027,0,1,Q2
2233,0.00220658395261255,0,1,Q2
2240,0.00222301650029902,0,1,Q2
2295,0.00223944931801855,0,1,Q2
2298,0.00225588240578001,0,1,Q2
2300,0.00228874939146424,0,2,Q2
2311,0.00230518328940488,0,1,Q2
2323,0.00232161745742284,0,1,Q2
2344,0.00232161745742284,158.337696573258,0,Q2
2345,0.00233809477264983,0,1,Q2
2356,0.00233809477264983,158.361088377183,0,Q2
2380,0.00233809477264983,158.408933490714,0,Q2
2384,0.00235465881716114,0,1,Q2
2391,0.00237122313604457,0,1,Q2
2395,0.00238778772930909,0,1,Q2
2433,0.00240435259696402,0,1,Q2
2438,0.00242091773901833,0,1,Q2
2448,0.00243748315548101,0,1,Q2
2453,0.00245404884636137,0,1,Q2
2459,0.00247061481166839,0,1,Q2
2465,0.00248718105141105,0,1,Q2
2467,0.00250374756559867,0,1,Q2
2478,0.00252031435424023,0,1,Q2
2479,0.00253688141734482,0,1,Q2
2481,0.00255344875492154,0,1,Q2
2485,0.00257001636697948,0,1,Q2
2495,0.00258658425352773,0,1,Q2
2543,0.0026031524145754,0,1,Q2
2559,0.00261972085013158,0,1,Q2
2570,0.00263628956020525,0,1,Q2
2593,0.00265285854480573,0,1,Q2
2598,0.00266942780394202,0,1,Q2
2624,0.00268599733762309,0,1,Q2
2631,0.00270256714585827,0,1,Q2
2637,0.00271913722865654,0,1,Q2
2641,0.002735707586027,0,1,Q2
2642,0.00275227821797865,0,1,Q2
2643,0.0027688491245208,0,1,Q2
2644,0.00278542030566245,0,1,Q2
2649,0.00280199176141269,0,1,Q2
2654,0.00281856349178062,0,1,Q2
2668,0.00283513549677536,0,1,Q2
2671,0.002851707776406,0,1,Q2
2679,0.00286828033068164,0,1,Q2
2688,0.00288485315961138,0,1,Q2
2705,0.00290142626320434,0,1,Q2
2746,0.00291799964146961,0,1,Q2
2749,0.00293457329441631,0,1,Q2
2750,0.00296772142439026,0,2,Q2
2772,0.00298429590143584,0,1,Q2
2779,0.00300087065319927,0,1,Q2
2782,0.00300087065319927,158.762477175807,0,Q2
2785,0.00301748941182447,0,1,Q2
2787,0.00303410844663729,0,1,Q2
2799,0.00305072775764702,0,1,Q2
2818,0.00306734734486284,0,1,Q2
2820,0.00308396720829392,0,1,Q2
2831,0.00310058734794946,0,1,Q2
2852,0.00311720776383863,0,1,Q2
2856,0.00313382845597062,0,1,Q2
2861,0.00315044942435472,0,1,Q2
2880,0.00316707066899999,0,1,Q2
2883,0.00318369218991564,0,1,Q2
2889,0.00320031398711072,0,1,Q2
2894,0.00321693606059454,0,1,Q2
2961,0.00323355841037638,0,1,Q2
2966,0.00325018103646523,0,1,Q2
2972,0.00326680393887047,0,1,Q2
2975,0.00328342711760108,0,1,Q2
2981,0.00330005057266635,0,1,Q2
2995,0.00331667430407559,0,1,Q2
3005,0.00333329831183776,0,1,Q2
3024,0.00334992259596227,0,1,Q2
3031,0.00336654715645819,0,1,Q2
3033,0.00338317199333461,0,1,Q2
3036,0.00339979710660082,0,1,Q2
3038,0.00341642249626602,0,1,Q2
3044,0.00343304816233951,0,1,Q2
3046,0.00346630032374768,0,2,Q2
3063,0.00348292681910085,0,1,Q2
3069,0.00349955359089885,0,1,Q2
3072,0.00351618063915099,0,1,Q2
3088,0.00353280796386645,0,1,Q2
3095,0.00354943556505456,0,1,Q2
3111,0.00356606344272427,0,1,Q2
3120,0.00358269159688501,0,1,Q2
3144,0.00359932002754585,0,1,Q2
3158,0.003615948734716,0,1,Q2
3176,0.00363257771840454,0,1,Q2
3205,0.00364920697862077,0,1,Q2
3236,0.00366583651537401,0,1,Q2
3247,0.00368246632867323,0,1,Q2
3270,0.00369909641852774,0,1,Q2
3283,0.00371572678494674,0,1,Q2
3302,0.00373235742793942,0,1,Q2
3314,0.0037489883475151,0,1,Q2
3315,0.0037489883475151,149.943851108229,0,Q2
3316,0.00376566112133916,0,1,Q2
3326,0.00378233417314936,0,1,Q2
3331,0.00379900750295473,0,1,Q2
3334,0.00381568111076478,0,1,Q2
3343,0.00383235499658855,0,1,Q2
3355,0.00384902916043554,0,1,Q2
3385,0.00386570360231479,0,1,Q2
3388,0.0038823783222358,0,1,Q2
3392,0.00389905332020762,0,1,Q2
3415,0.00391572859623974,0,1,Q2
3422,0.00393240415034122,0,1,Q2
3434,0.00394907998252145,0,1,Q2
3451,0.00396575609278968,0,1,Q2
3471,0.00398243248115521,0,1,Q2
3485,0.00399910914762742,0,1,Q2
3488,0.00401578609221536,0,1,Q2
3500,0.00403246331492842,0,1,Q2
3566,0.00404914081577599,0,1,Q2
3583,0.00406581859476711,0,1,Q2
3606,0.0040824966519113,0,1,Q2
3614,0.00409917498721761,0,1,Q2
3619,0.00411585360069554,0,1,Q2
3629,0.00411585360069554,137.165450380608,0,Q2
3656,0.00413257073727909,0,1,Q2
3663,0.00414928815332986,0,1,Q2
3669,0.00418272382387099,0,2,Q2
3684,0.00419944207837992,0,1,Q2
3690,0.00421616061239344,0,1,Q2
3692,0.00423287942592113,0,1,Q2
3741,0.00424959851897222,0,1,Q2
3752,0.00426631789155605,0,1,Q2
3765,0.00428303754368198,0,1,Q2
3767,0.00429975747535935,0,1,Q2
3771,0.0043164776865974,0,1,Q2
3775,0.00433319817740569,0,1,Q2
3777,0.00434991894779348,0,1,Q2
3780,0.00436663999776999,0,1,Q2
3783,0.0043833613273448,0,1,Q2
3817,0.00440008293652715,0,1,Q2
3828,0.00441680482532638,0,1,Q2
3830,0.00443352699375186,0,1,Q2
3837,0.00446697216951884,0,2,Q2
3858,0.00448369517687915,0,1,Q2
3869,0.00450041846390312,0,1,Q2
3870,0.00451714203060009,0,1,Q2
3871,0.00453386587697942,0,1,Q2
3872,0.00456731440882248,0,2,Q2
3895,0.00458403909430503,0,1,Q2
3933,0.00460076405950735,0,1,Q2
3944,0.00461748930443882,0,1,Q2
3951,0.00463421482910878,0,1,Q2
3955,0.00465094063352649,0,1,Q2
3969,0.00466766671770141,0,1,Q2
3970,0.0046843930816429,0,1,Q2
3973,0.00470111972536044,0,1,Q2
3979,0.00471784664886315,0,1,Q2
3980,0.00473457385216051,0,1,Q2
3994,0.00473457385216051,116.735748035292,0,Q2
4011,0.00475133406284582,0,1,Q2
4033,0.00476809455444051,0,1,Q2
4050,0.00478485532695398,0,1,Q2
4054,0.00480161638039566,0,1,Q2
4065,0.00481837771477495,0,1,Q2
4074,0.00483513933010118,0,1,Q2
4082,0.00485190122638397,0,1,Q2
4084,0.00486866340363264,0,1,Q2
4091,0.00488542586185661,0,1,Q2
4116,0.00490218860106529,0,1,Q2
4119,0.00491895162126811,0,1,Q2
4124,0.00493571492247449,0,1,Q2
4143,0.00495247850469384,0,1,Q2
4157,0.00496924236793559,0,1,Q2
4187,0.00498600651220917,0,1,Q2
4206,0.00500277093752399,0,1,Q2
4222,0.00501953564388948,0,1,Q2
4227,0.00503630063131505,0,1,Q2
4236,0.00506983144938407,0,2,Q2
4251,0.00508659728004647,0,1,Q2
4253,0.00510336339180666,0,1,Q2
4287,0.00512012978467407,0,1,Q2
4288,0.00513689645865801,0,1,Q2
4304,0.00515366341376813,0,1,Q2
4320,0.00515366341376813,97.6156865919497,0,Q2
4323,0.00515366341376813,59543.0054029118,0,Q2
69,2.12676998173039e-05,0,1,Q3
88,4.25358519591721e-05,0,1,Q3
116,6.38044564450675e-05,0,1,Q3
122,8.50735132941208e-05,0,1,Q3
124,0.000106343022525575,0,1,Q3
128,0.000127612984158675,0,1,Q3
133,0.000148883398212554,0,1,Q3
154,0.000170154264706682,0,1,Q3
169,0.000191425583660085,0,1,Q3
176,0.000212697355092234,0,1,Q3
254,0.000233969579022268,0,1,Q3
307,0.000255242255469439,0,1,Q3
313,0.000276515384452999,0,1,Q3
314,0.000297788965992204,0,1,Q3
325,0.000319063000106197,0,1,Q3
361,0.000340337486814347,0,1,Q3
362,0.000361612426136021,0,1,Q3
375,0.000382887818090368,0,1,Q3
378,0.000404163662696537,0,1,Q3
384,0.000425439959973901,0,1,Q3
389,0.000446716709941833,0,1,Q3
400,0.000467993912619487,0,1,Q3
413,0.000510549676180909,0,2,Q3
420,0.000531828237103212,0,1,Q3
422,0.000553107250812305,0,1,Q3
433,0.000574386717327568,0,1,Q3
477,0.000595666636668052,0,1,Q3
482,0.00061694700885325,0,1,Q3
488,0.000638227833902214,0,1,Q3
489,0.000659509111834331,0,1,Q3
506,0.000680790842668988,0,1,Q3
510,0.00070207302642524,0,1,Q3
524,0.000723355663122588,0,1,Q3
531,0.000744638752780202,0,1,Q3
556,0.000765922295417361,0,1,Q3
570,0.000787206291053349,0,1,Q3
579,0.000808490739707338,0,1,Q3
583,0.000829775641398836,0,1,Q3
623,0.000851060996146905,0,1,Q3
644,0.000872346803970945,0,1,Q3
650,0.000893633064890356,0,1,Q3
690,0.000914919778924316,0,1,Q3
692,0.000936206946092116,0,1,Q3
710,0.000957494566412937,0,1,Q3
712,0.000978782639906295,0,1,Q3
720,0.00100007116659137,0,1,Q3
727,0.00102136014648747,0,1,Q3
731,0.00102136014648747,149.113844510444,0,Q3
749,0.00104271737920034,0,1,Q3
779,0.00106407506805435,0,1,Q3
792,0.00108543321306897,0,1,Q3
796,0.00110679181426358,0,1,Q3
818,0.00112815087165789,0,1,Q3
829,0.00114951038527128,0,1,Q3
830,0.00119223078123324,0,2,Q3
861,0.0012135916636208,0,1,Q3
864,0.00123495300230541,0,1,Q3
878,0.00125631479730655,0,1,Q3
905,0.00127767704864362,0,1,Q3
910,0.00129903975633633,0,1,Q3
920,0.00132040292040407,0,1,Q3
931,0.00134176654086633,0,1,Q3
932,0.00136313061774263,0,1,Q3
946,0.00138449515105246,0,1,Q3
957,0.00140586014081521,0,1,Q3
982,0.00142722558705061,0,1,Q3
1020,0.00144859148977806,0,1,Q3
1022,0.00146995784901696,0,1,Q3
1023,0.00149132466478702,0,1,Q3
1026,0.00153405966599827,0,2,Q3
1028,0.00155542785147858,0,1,Q3
1029,0.00157679649356789,0,1,Q3
1030,0.00159816559228593,0,1,Q3
1034,0.001619535147652,0,1,Q3
1041,0.00164090515968583,0,1,Q3
1074,0.00166227562840684,0,1,Q3
1087,0.00168364655383455,0,1,Q3
1095,0.00170501793598846,0,1,Q3
1096,0.00172638977488812,0,1,Q3
1103,0.00174776207055303,0,1,Q3
1106,0.00179050803225674,0,2,Q3
1143,0.00179050803225674,152.316778869077,0,Q3
1146,0.00181195150903076,0,1,Q3
1151,0.00183339544563733,0,1,Q3
1154,0.00185483984209618,0,1,Q3
1166,0.0018977300146495,0,2,Q3
1173,0.00191917579078353,0,1,Q3
1176,0.00194062202684873,0,1,Q3
1179,0.00196206872286473,0,1,Q3
1191,0.00198351587885137,0,1,Q3
1194,0.00200496349482837,0,1,Q3
1211,0.00202641157081547,0,1,Q3
1251,0.00204786010683251,0,1,Q3
1261,0.00206930910289911,0,1,Q3
1266,0.00209075855903502,0,1,Q3
1269,0.00213365885159357,0,2,Q3
1312,0.00215510968805569,0,1,Q3
1320,0.00217656098466617,0,1,Q3
1323,0.00219801274144455,0,1,Q3
1343,0.00221946495841066,0,1,Q3
1344,0.00224091763558437,0,1,Q3
1351,0.0022623707729852,0,1,Q3
1360,0.00228382437063312,0,1,Q3
1390,0.00230527842854777,0,1,Q3
1399,0.00232673294674889,0,1,Q3
1403,0.00234818792525624,0,1,Q3
1413,0.00236964336408957,0,1,Q3
1414,0.00239109926326852,0,1,Q3
1422,0.00241255562281296,0,1,Q3
1428,0.00243401244274275,0,1,Q3
1430,0.00243401244274275,154.426487335876,0,Q3
1444,0.00245554105970913,0,1,Q3
1452,0.00247707014016684,0,1,Q3
1459,0.00249859968413583,0,1,Q3
1463,0.00252012969163596,0,1,Q3
1470,0.00256319109730989,0,2,Q3
1477,0.00258472249552363,0,1,Q3
1479,0.00260625435734845,0,1,Q3
1491,0.00264931947191123,0,2,Q3
1492,0.00267085272468913,0,1,Q3
1519,0.00269238644115798,0,1,Q3
1521,0.00271392062133776,0,1,Q3
1522,0.00273545526524845,0,1,Q3
1531,0.00275699037291001,0,1,Q3
1544,0.00277852594434242,0,1,Q3
1564,0.00280006197956566,0,1,Q3
1568,0.0028215984785997,0,1,Q3
1572,0.00284313544146451,0,1,Q3
1578,0.00286467286818009,0,1,Q3
1579,0.00288621075876641,0,1,Q3
1581,0.00290774911324345,0,1,Q3
1583,0.00292928793163119,0,1,Q3
1585,0.00295082721394962,0,1,Q3
1590,0.00297236696021873,0,1,Q3
1616,0.0029939071704584,0,1,Q3
1619,0.00303698898292978,0,2,Q3
1621,0.00305853058520148,0,1,Q3
1628,0.0030800726515238,0,1,Q3
1647,0.00310161518191674,0,1,Q3
1669,0.0031231581764003,0,1,Q3
1687,0.00314470163499435,0,1,Q3
1703,0.00316624555771913,0,1,Q3
1708,0.00318778994459451,0,1,Q3
1709,0.00320933479564049,0,1,Q3
1724,0.00323088011087697,0,1,Q3
1749,0.00325242589032418,0,1,Q3
1750,0.00327397213400199,0,1,Q3
1773,0.00329551884193043,0,1,Q3
1786,0.00331706601412949,0,1,Q3
1807,0.00333861365061919,0,1,Q3
1820,0.00336016175141953,0,1,Q3
1824,0.00338171031655052,0,1,Q3
1826,0.00340325934603218,0,1,Q3
1827,0.00344635879812755,0,2,Q3
1837,0.00346790922078128,0,1,Q3
1841,0.00348946010786575,0,1,Q3
1897,0.00351101145940095,0,1,Q3
1899,0.00353256327540692,0,1,Q3
1912,0.00355411555590368,0,1,Q3
1915,0.00357566830091124,0,1,Q3
1917,0.00359722151044951,0,1,Q3
1919,0.00361877518453876,0,1,Q3
1921,0.00364032932319888,0,1,Q3
1932,0.00366188392644991,0,1,Q3
1934,0.00368343899431187,0,1,Q3
1939,0.0037049945268048,0,1,Q3
1956,0.00372655052394873,0,1,Q3
1965,0.00374810698576369,0,1,Q3
1968,0.00376966391226971,0,1,Q3
1995,0.00379122130348683,0,1,Q3
2001,0.00381277915943508,0,1,Q3
2002,0.00383433748013451,0,1,Q3
2027,0.00385589626560514,0,1,Q3
2032,0.00387745551586703,0,1,Q3
2036,0.0038990152309401,0,1,Q3
2046,0.00392057541084462,0,1,Q3
2058,0.00394213605560051,0,1,Q3
2065,0.00398525873974663,0,2,Q3
2081,0.00400682077917694,0,1,Q3
2089,0.00400682077917694,157.870454836914,0,Q3
2097,0.00402845693479472,0,1,Q3
2106,0.00405009355854586,0,1,Q3
2133,0.00407173065045061,0,1,Q3
2144,0.00409336821052924,0,1,Q3
2166,0.00411500623880201,0,1,Q3
2192,0.00413664473528917,0,1,Q3
2193,0.004158283700011,0,1,Q3
2199,0.00417992313298775,0,1,Q3
2200,0.00422320340378711,0,2,Q3
2222,0.00424484424165024,0,1,Q3
2226,0.00426648554784938,0,1,Q3
2228,0.00428812732240478,0,1,Q3
2235,0.00430976956533673,0,1,Q3
2240,0.00433141227666549,0,1,Q3
2243,0.00435305545641134,0,1,Q3
2247,0.00437469910459457,0,1,Q3
2254,0.00439634322123543,0,1,Q3
2269,0.00441798780635423,0,1,Q3
2291,0.00443963285997123,0,1,Q3
2296,0.00446127838210671,0,1,Q3
2300,0.00448292437278097,0,1,Q3
2326,0.00450457083201428,0,1,Q3
2330,0.00450457083201428,158.310864649015,0,Q3
2333,0.0045262921977278,0,1,Q3
2339,0.00454801403526929,0,1,Q3
2341,0.00456973634465926,0,1,Q3
2355,0.00456973634465926,158.359125241746,0,Q3
2377,0.00459153411024571,0,1,Q3
2379,0.00461333235098509,0,1,Q3
2389,0.00463513106689814,0,1,Q3
2391,0.00465693025800567,0,1,Q3
2417,0.00467872992432818,0,1,Q3
2429,0.00470053006588661,0,1,Q3
2442,0.00472233068270158,0,1,Q3
2448,0.00472233068270158,158.550468332654,0,Q3
2450,0.00474420739324861,0,1,Q3
2463,0.00476608458239658,0,1,Q3
2464,0.00478796225016643,0,1,Q3
2467,0.00478796225016643,158.590708890154,0,Q3
2471,0.00480991657084337,0,1,Q3
2479,0.00483187137352309,0,1,Q3
2498,0.00485382665822675,0,1,Q3
2499,0.00487578242497552,0,1,Q3
2508,0.00491969540469306,0,2,Q3
2515,0.00494165261770417,0,1,Q3
2539,0.00496361031284507,0,1,Q3
2556,0.00498556849013694,0,1,Q3
2562,0.00500752714960094,0,1,Q3
2564,0.00502948629125826,0,1,Q3
2574,0.00505144591513006,0,1,Q3
2575,0.00507340602123754,0,1,Q3
2585,0.00509536660960187,0,1,Q3
2590,0.00511732768024423,0,1,Q3
2591,0.00516125126844778,0,2,Q3
2602,0.00518321378605135,0,1,Q3
2604,0.00522714026836798,0,2,Q3
2613,0.00524910423312343,0,1,Q3
2620,0.00527106868030523,0,1,Q3
2627,0.00531499902203262,0,2,Q3
2634,0.00535893129371972,0,2,Q3
2636,0.00538089815335116,0,1,Q3
2649,0.00540286549553611,0,1,Q3
2656,0.00542483332029568,0,1,Q3
2670,0.00544680162765129,0,1,Q3
2706,0.00546877041762403,0,1,Q3
2710,0.0054907396902351,0,1,Q3
2713,0.00551270944550572,0,1,Q3
2714,0.00553467968345709,0,1,Q3
2718,0.00555665040411041,0,1,Q3
2724,0.00557862160748691,0,1,Q3
2726,0.0056005932936078,0,1,Q3
2727,0.00562256546249428,0,1,Q3
2747,0.00564453811416758,0,1,Q3
2765,0.0056665112486489,0,1,Q3
2774,0.00568848486595948,0,1,Q3
2778,0.00571045896612052,0,1,Q3
2817,0.00573243354915325,0,1,Q3
2822,0.00575440861507889,0,1,Q3
2827,0.00575440861507889,158.594201830391,0,Q3
2829,0.00577646102084479,0,1,Q3
2845,0.00579851391293001,0,1,Q3
2859,0.00582056729135601,0,1,Q3
2860,0.00584262115614423,0,1,Q3
2862,0.00586467550731614,0,1,Q3
2867,0.00588673034489317,0,1,Q3
2886,0.0059087856688968,0,1,Q3
2904,0.00593084147934836,0,1,Q3
2912,0.00595289777626953,0,1,Q3
2929,0.00597495455968167,0,1,Q3
2930,0.00599701182960623,0,1,Q3
2943,0.00601906958606469,0,1,Q3
2945,0.00604112782907849,0,1,Q3
2950,0.00606318655866911,0,1,Q3
2951,0.00608524577485802,0,1,Q3
2955,0.00610730547766668,0,1,Q3
2962,0.00612936566711656,0,1,Q3
2967,0.00615142634322914,0,1,Q3
2978,0.00617348750602589,0,1,Q3
2987,0.00619554915552827,0,1,Q3
2990,0.00623967391473587,0,2,Q3
2992,0.00626173702448404,0,1,Q3
2994,0.00628380062102376,0,1,Q3
2997,0.00630586470437652,0,1,Q3
2999,0.00632792927456379,0,1,Q3
3002,0.00634999433160706,0,1,Q3
3013,0.00637205987552782,0,1,Q3
3025,0.00639412590634754,0,1,Q3
3041,0.00641619242408773,0,1,Q3
3044,0.00643825942876987,0,1,Q3
3045,0.00646032692041545,0,1,Q3
3053,0.00648239489904596,0,1,Q3
3062,0.0065044633646829,0,1,Q3
3073,0.00652653231734777,0,1,Q3
3086,0.00654860175706206,0,1,Q3
3087,0.00657067168384726,0,1,Q3
3097,0.00661481299871631,0,2,Q3
3099,0.00663688438684328,0,1,Q3
3108,0.00665895626212717,0,1,Q3
3111,0.00668102862458949,0,1,Q3
3128,0.00670310147425175,0,1,Q3
3136,0.00672517481113546,0,1,Q3
3141,0.00674724863526212,0,1,Q3
3146,0.00676932294665326,0,1,Q3
3161,0.00679139774533037,0,1,Q3
3167,0.00681347303131486,0,1,Q3
3173,0.00681347303131486,153.902992697192,0,Q3
3176,0.00683562406337077,0,1,Q3
3178,0.00685777558610577,0,1,Q3
3186,0.00690208010369999,0,2,Q3
3191,0.00692423309860281,0,1,Q3
3201,0.00694638658427157,0,1,Q3
3204,0.00696854056072814,0,1,Q3
3205,0.00699069502799425,0,1,Q3
3209,0.0070350054350421,0,2,Q3
3216,0.00705716137486734,0,1,Q3
3223,0.00707931780558913,0,1,Q3
3233,0.00712363213980935,0,2,Q3
3234,0.0071457900433513,0,1,Q3
3235,0.00716794843787693,0,1,Q3
3237,0.00719010732340778,0,1,Q3
3238,0.00721226669996572,0,1,Q3
3244,0.00723442656757251,0,1,Q3
3247,0.00725658692624991,0,1,Q3
3259,0.00727874777601969,0,1,Q3
3261,0.00730090911690361,0,1,Q3
3264,0.00732307094892346,0,1,Q3
3265,0.00734523327210098,0,1,Q3
3272,0.00736739608645796,0,1,Q3
3313,0.00738955939201616,0,1,Q3
3320,0.00738955939201616,149.782822081899,0,Q3
3330,0.00741179701227126,0,1,Q3
3334,0.00743403512704923,0,1,Q3
3336,0.00745627373637194,0,1,Q3
3337,0.00747851284026128,0,1,Q3
3340,0.00750075243873937,0,1,Q3
3342,0.0075229925318283,0,1,Q3
3346,0.00754523311954987,0,1,Q3
3347,0.00756747420192618,0,1,Q3
3349,0.00758971577897924,0,1,Q3
3354,0.00761195785073105,0,1,Q3
3359,0.00763420041720362,0,1,Q3
3361,0.00765644347841895,0,1,Q3
3369,0.00767868703439918,0,1,Q3
3370,0.00770093108516619,0,1,Q3
3373,0.0077231756307419,0,1,Q3
3374,0.00774542067114853,0,1,Q3
3404,0.00776766620640799,0,1,Q3
3408,0.0077899122365423,0,1,Q3
3410,0.00781215876157336,0,1,Q3
3412,0.00783440578152331,0,1,Q3
3434,0.00785665329641417,0,1,Q3
3456,0.00787890130626795,0,1,Q3
3466,0.0079011498111067,0,1,Q3
3467,0.00792339881095242,0,1,Q3
3489,0.00794564830582715,0,1,Q3
3513,0.00796789829575292,0,1,Q3
3529,0.00799014878075187,0,1,Q3
3534,0.00801239976084592,0,1,Q3
3537,0.00803465123605698,0,1,Q3
3540,0.00805690320640732,0,1,Q3
3555,0.00807915567191876,0,1,Q3
3565,0.00810140863261344,0,1,Q3
3576,0.0081236620885135,0,1,Q3
3585,0.00814591603964078,0,1,Q3
3590,0.00816817048601753,0,1,Q3
3592,0.00819042542766569,0,1,Q3
3598,0.00823493679686428,0,2,Q3
3600,0.00825719322445882,0,1,Q3
3644,0.00827945014741295,0,1,Q3
3652,0.00830170756574872,0,1,Q3
3653,0.00832396547948831,0,1,Q3
3670,0.00834622388865364,0,1,Q3
3671,0.00836848279326678,0,1,Q3
3674,0.00839074219334968,0,1,Q3
3682,0.00841300208892449,0,1,Q3
3688,0.00843526248001329,0,1,Q3
3693,0.00845752336663824,0,1,Q3
3716,0.00847978474882129,0,1,Q3
3717,0.00850204662658451,0,1,Q3
3725,0.00852430899994986,0,1,Q3
3734,0.00854657186893962,0,1,Q3
3744,0.00856883523357564,0,1,Q3
3757,0.0085910990938801,0,1,Q3
3764,0.00861336344987518,0,1,Q3
3765,0.00863562830158285,0,1,Q3
3769,0.00865789364902517,0,1,Q3
3776,0.00868015949222412,0,1,Q3
3796,0.00870242583120188,0,1,Q3
3802,0.00872469266598053,0,1,Q3
3822,0.00874695999658216,0,1,Q3
3830,0.00876922782302895,0,1,Q3
3838,0.00879149614534287,0,1,Q3
3849,0.00881376496354591,0,1,Q3
3862,0.00883603427766036,0,1,Q3
3886,0.0088583040877081,0,1,Q3
3893,0.00888057439371132,0,1,Q3
3896,0.00890284519569223,0,1,Q3
3910,0.0089251164936727,0,1,Q3
3922,0.00894738828767492,0,1,Q3
3937,0.00896966057772111,0,1,Q3
3942,0.00899193336383315,0,1,Q3
3954,0.00901420664603334,0,1,Q3
3965,0.00903648042434358,0,1,Q3
3966,0.00908102946938301,0,2,Q3
3967,0.00910330473615642,0,1,Q3
3968,0.00912558049912839,0,1,Q3
3970,0.00914785675832092,0,1,Q3
3972,0.00917013351375622,0,1,Q3
3973,0.00919241076545653,0,1,Q3
3980,0.00921468851344384,0,1,Q3
4006,0.00921468851344384,116.009788391543,0,Q3
4007,0.00923702448493355,0,1,Q3
4016,0.00925936095533002,0,1,Q3
4021,0.00928169792465555,0,1,Q3
4025,0.00930403539293243,0,1,Q3
4036,0.00932637336018305,0,1,Q3
4042,0.00934871182642948,0,1,Q3
4053,0.00937105079169414,0,1,Q3
4056,0.00939339025599932,0,1,Q3
4071,0.00941573021936731,0,1,Q3
4073,0.00943807068182041,0,1,Q3
4076,0.00946041164338092,0,1,Q3
4077,0.00948275310407115,0,1,Q3
4078,0.0095050950639134,0,1,Q3
4084,0.00952743752293008,0,1,Q3
4090,0.00954978048114339,0,1,Q3
4101,0.00957212393857564,0,1,Q3
4106,0.00959446789524913,0,1,Q3
4122,0.00961681235118606,0,1,Q3
4124,0.00963915730640886,0,1,Q3
4127,0.00966150276093984,0,1,Q3
4134,0.00968384871480144,0,1,Q3
4136,0.00970619516801573,0,1,Q3
4137,0.00972854212060514,0,1,Q3
4139,0.00975088957259202,0,1,Q3
4141,0.00981793492516066,0,3,Q3
4147,0.00984028437496056,0,1,Q3
4160,0.00986263432426952,0,1,Q3
4168,0.00988498477310989,0,1,Q3
4179,0.00990733572150398,0,1,Q3
4189,0.00992968716947414,0,1,Q3
4197,0.00995203911704268,0,1,Q3
4230,0.00997439156423196,0,1,Q3
4245,0.0099967445110643,0,1,Q3
4251,0.010019097957562,0,1,Q3
4259,0.0100414519037476,0,1,Q3
4272,0.0100638063496432,0,1,Q3
4277,0.0100861612952712,0,1,Q3
4293,0.0101085167406539,0,1,Q3
4305,0.0101085167406539,98.4396671518913,0,Q3
4323,0.0101085167406539,44632.8911203497,0,Q3
